naziv_usluge;maloprodajna_cijena_eur;trajanje;napomena
"Uvodna individualna procjena i savjetovanje";150,00;"60-90 min";"Plaćanje u cijelosti prije potvrde termina"
"Individualni plan prehrane";400,00;"2 x 90 min";"U cijelosti ili 2 x 200 EUR"
"Fitoaromaterapija i suplementacija";150,00;"do 60 min";"Plaćanje u cijelosti prije potvrde termina"
"Podrška tijelu i redukcija stresa";200,00;"90 min";"Plaćanje u cijelosti prije potvrde termina"
"Sirova prehrana";400,00;"2 x 90 min";"U cijelosti ili 2 x 200 EUR"
"Detox tijela";600,00;"3 x 90 min";"U cijelosti ili 3 x 200 EUR"
"Put zdravlja";950,00;"4 x 90 min + 1 x 60 min";"U cijelosti ili 5 x 190 EUR"
"Kontrolna konzultacija za postojeće klijente";100,00;"do 45 min";"Plaćanje u cijelosti prije potvrde termina"
"Proširena individualna konzultacija + novi pisani protokol";200,00;"do 90 min";"Plaćanje u cijelosti prije potvrde termina"
"Škola detoxa";;;"Cijena i uvjeti objavljuju se za svaki ciklus"
"Predavanja i radionice za organizacije";;;"Ponuda prema temi, trajanju, publici, lokaciji i pripremi"
