izdanje;broj_recepta;stranica;naziv;prinos
Hrana koja budi životnu energiju i vitalnost;01;16;Salata od šparoga, rajčice, celera i krumpira;4 Porcije
Hrana koja budi životnu energiju i vitalnost;02;17;Salata od krastavaca i koromača;4 Porcije
Hrana koja budi životnu energiju i vitalnost;03;18;Salata od mrkve;2 Porcije
Hrana koja budi životnu energiju i vitalnost;04;19;Osvježavajuća salata;4 Porcije
Hrana koja budi životnu energiju i vitalnost;05;20;Ljetna salata;2 Porcije
Hrana koja budi životnu energiju i vitalnost;06;21;Osvježavajuća rukola salata;2 Porcije
Hrana koja budi životnu energiju i vitalnost;07;22;Batat salata;2 Porcije
Hrana koja budi životnu energiju i vitalnost;08;23;Lagana voćno-zelena salata;4 Porcije
Hrana koja budi životnu energiju i vitalnost;09;24;Salata od cikle i leće;4 Porcije
Hrana koja budi životnu energiju i vitalnost;10;25;Salata od slanutka;4 Porcije
Hrana koja budi životnu energiju i vitalnost;11;26;Sendvič od peršin salate;4 Porcije
Hrana koja budi životnu energiju i vitalnost;12;27;Zelena salata od jagoda;4 Porcije
Hrana koja budi životnu energiju i vitalnost;13;28;Salata od prokulica;4 Porcije
Hrana koja budi životnu energiju i vitalnost;14;29;Šarena salata;4 Porcije
Hrana koja budi životnu energiju i vitalnost;15;30;Batat salata;4 Porcije
Hrana koja budi životnu energiju i vitalnost;16;31;Krumpir salata s divljim šparogama;4 Porcije
Hrana koja budi životnu energiju i vitalnost;17;33;Temeljac od povrća;Oko 1,2 L
Hrana koja budi životnu energiju i vitalnost;18;34;Juha od muškatne buče;4 Porcije
Hrana koja budi životnu energiju i vitalnost;19;35;Žuta juha od brokule;4 Porcije
Hrana koja budi životnu energiju i vitalnost;20;36;Zelena juha od brokule;4 Porcije
Hrana koja budi životnu energiju i vitalnost;21;37;Juha od hokaido buče;4 Porcije
Hrana koja budi životnu energiju i vitalnost;22;38;Juha od koromača i badema;2 Porcije
Hrana koja budi životnu energiju i vitalnost;23;39;Juha od graška;3 Porcije
Hrana koja budi životnu energiju i vitalnost;24;40;Juha od batata i leće;4 Porcije
Hrana koja budi životnu energiju i vitalnost;25;41;Jednostavna juha od koromača;4 Porcije
Hrana koja budi životnu energiju i vitalnost;26;43;Varivo od slatkog kupusa;6 Porcija
Hrana koja budi životnu energiju i vitalnost;27;44;Varivo od povrća i prosa;6 Porcija
Hrana koja budi životnu energiju i vitalnost;28;45;Varivo od leće;4 Porcije
Hrana koja budi životnu energiju i vitalnost;29;46;Varivo od slanutka i blitve;4 Porcije
Hrana koja budi životnu energiju i vitalnost;30;47;Varivo od poriluka, batata i kelja;6 Porcija
Hrana koja budi životnu energiju i vitalnost;31;48;Varivo od povrća;4 Porcije
Hrana koja budi životnu energiju i vitalnost;32;49;Varivo od brokule i prosa;4 Porcije
Hrana koja budi životnu energiju i vitalnost;33;50;Rižoto od povrća;4 Porcije
Hrana koja budi životnu energiju i vitalnost;34;51;Rižoto s blitvom;2 Porcije
Hrana koja budi životnu energiju i vitalnost;35;52;Rižoto od cvjetače i graška;4 Porcije
Hrana koja budi životnu energiju i vitalnost;36;53;Rižoto od cvjetače i tikvica;4 Porcije
Hrana koja budi životnu energiju i vitalnost;37;54;Veganski quiche;8 Porcija
Hrana koja budi životnu energiju i vitalnost;38;55;Tikvice punjene povrćem;2 Porcije
Hrana koja budi životnu energiju i vitalnost;39;56;Falafel;24-30 Komada
Hrana koja budi životnu energiju i vitalnost;40;57;Tacosi-tortilje od leće i oraha;4 Porcije / 5-6 Tortilja
Hrana koja budi životnu energiju i vitalnost;41;58;Ploške od batata;4 Porcije
Hrana koja budi životnu energiju i vitalnost;42;59;Pomfrit bez masnoća;4 Porcije
Hrana koja budi životnu energiju i vitalnost;43;60;Batat pomfrit bez masnoća;4 Porcije
Hrana koja budi životnu energiju i vitalnost;44;61;Rezanci od batata sa šparogama i paprikom;6 Porcija
Hrana koja budi životnu energiju i vitalnost;45;62;Bezglutenski špageti od buče s povrćem;2 Porcije
Hrana koja budi životnu energiju i vitalnost;46;63;Popečci od mrkve, tikvica i krumpira;8 Popečaka
Hrana koja budi životnu energiju i vitalnost;47;64;Mini pizze od krumpira/batata;8 Mini Pizza
Hrana koja budi životnu energiju i vitalnost;48;65;Bolognese od leće;4 Porcije
Hrana koja budi životnu energiju i vitalnost;49;66;Wok povrće;3 Porcije
Hrana koja budi životnu energiju i vitalnost;50;67;Buča i toskanski kelj;4 Porcije
Knjižica blagdanskih recepata;01;5;Francuska salata, kuhana varijanta;4-6 Porcija
Knjižica blagdanskih recepata;02;6;Francuska salata, sirova varijanta;4 Porcije
Knjižica blagdanskih recepata;03;7;Juha od hokaido buče;4 Porcije
Knjižica blagdanskih recepata;04;8;Sushi od krastavaca;Oko 16 Komada
Knjižica blagdanskih recepata;05;9;Krekeri od heljde;30-40 Krekera
Knjižica blagdanskih recepata;06;10;Krekeri i pogačice od sjemenki;Oko 24 Komada
Knjižica blagdanskih recepata;07;11;Kruh od heljde i suncokreta;1 Manji Kruh / 8-10 Kriški
Knjižica blagdanskih recepata;08;13;Namaz od avokada;2-3 Porcije
Knjižica blagdanskih recepata;09;14;Povrtni namaz 'ajvar';Oko 500 G
Knjižica blagdanskih recepata;10;15;Namaz s paprikom;Oko 250 G
Knjižica blagdanskih recepata;11;16;Namaz od indijskih oraščića;Oko 300 G
Knjižica blagdanskih recepata;12;17;Tikvice u umaku od rajčica;2 Porcije
Knjižica blagdanskih recepata;13;18;Povrtne rolice;4-5 Rolica
Knjižica blagdanskih recepata;14;19;Falafeli s osvježavajućim kremastim umakom;12-14 Falafela
Knjižica blagdanskih recepata;15;20;Lazanje;4 Porcije
Knjižica blagdanskih recepata;16;21;Pizza s tijestom od heljde i 'sirom' od tikvica;3-4 Mini Pizze
Knjižica blagdanskih recepata;17;23;Torta od mrkve i jabuka;8 Kriški
Knjižica blagdanskih recepata;18;24;Pita od jabuka;12 Kriški
Knjižica blagdanskih recepata;19;25;Raw brownies;16 Komada
Knjižica blagdanskih recepata;20;26;Orange-kakao torta;12-14 Kriški
Knjižica blagdanskih recepata;21;27;Torta s malinama;12-14 Kriški
Knjižica blagdanskih recepata;22;28;Spicy čips od kelja;4 Porcije
Knjižica blagdanskih recepata;23;29;Puding od kakija;3 Porcije
Knjižica blagdanskih recepata;24;30;After Eight energetske kuglice;18-20 Kuglica
Knjižica blagdanskih recepata;25;31;Mirisne i sočne kiflice s lješnjacima;Oko 12 Kiflica
